text,json
add the artist Jamie T to hallie's winter music playlist,"{""artist"": ""Jamie T"", ""intent"": ""AddToPlaylist"", ""music_item"": ""artist"", ""playlist"": ""winter music"", ""playlist_owner"": ""hallie's""}"
Rate the following series a one out of 6,"{""best_rating"": ""6"", ""intent"": ""RateBook"", ""object_part_of_series_type"": ""series"", ""object_select"": ""following"", ""rating_value"": ""one""}"
I'd like to see the painting I Looked Up,"{""intent"": ""SearchCreativeWork"", ""object_name"": ""I Looked Up"", ""object_type"": ""painting""}"
search for Space on My Hands,"{""intent"": ""SearchCreativeWork"", ""object_name"": ""Space on My Hands""}"
add this song to enid's romántica playlist,"{""intent"": ""AddToPlaylist"", ""music_item"": ""song"", ""playlist"": ""romántica"", ""playlist_owner"": ""enid's""}"
Rate this book a 0,"{""intent"": ""RateBook"", ""object_select"": ""this"", ""object_type"": ""book"", ""rating_value"": ""0""}"
Find Think: act,"{""intent"": ""SearchCreativeWork"", ""object_name"": ""Think: act""}"
Where can I watch the TV series Polite People,"{""intent"": ""SearchCreativeWork"", ""object_name"": ""Polite People"", ""object_type"": ""TV series""}"
rate the last textbook three stars,"{""intent"": ""RateBook"", ""object_select"": ""last"", ""object_type"": ""textbook"", ""rating_unit"": ""stars"", ""rating_value"": ""three""}"
look for the trailer for Red Stallion in the Rockies,"{""intent"": ""SearchCreativeWork"", ""object_name"": ""Red Stallion in the Rockies"", ""object_type"": ""trailer""}"
Add an abrar ul haq track to my playlist Soul Lounge,"{""artist"": ""abrar ul haq"", ""intent"": ""AddToPlaylist"", ""music_item"": ""track"", ""playlist"": ""Soul Lounge"", ""playlist_owner"": ""my""}"
Find me the book The Van Dyke Show,"{""intent"": ""SearchCreativeWork"", ""object_name"": ""The Van Dyke Show"", ""object_type"": ""book""}"
The horrible book The Black Gryphon only gets 2 out of 6.,"{""best_rating"": ""6"", ""intent"": ""RateBook"", ""object_name"": ""The Black Gryphon"", ""object_type"": ""book"", ""rating_value"": ""2""}"
"find The Girlfriend Experience, a television show","{""intent"": ""SearchCreativeWork"", ""object_name"": ""The Girlfriend Experience"", ""object_type"": ""television show""}"
give the current book zero of 6,"{""best_rating"": ""6"", ""intent"": ""RateBook"", ""object_select"": ""current"", ""object_type"": ""book"", ""rating_value"": ""zero""}"
I am giving this current album a rating of four out of 6 points,"{""best_rating"": ""6"", ""intent"": ""RateBook"", ""object_select"": ""current"", ""object_type"": ""album"", ""rating_unit"": ""points"", ""rating_value"": ""four""}"
Rate the current album a 3.,"{""intent"": ""RateBook"", ""object_select"": ""current"", ""object_type"": ""album"", ""rating_value"": ""3""}"
I give The Penalty three stars,"{""intent"": ""RateBook"", ""object_name"": ""The Penalty"", ""rating_unit"": ""stars"", ""rating_value"": ""three""}"
rate the book English Grammar In Use a five,"{""intent"": ""RateBook"", ""object_name"": ""English Grammar In Use"", ""object_type"": ""book"", ""rating_value"": ""five""}"
Rate the current textbook one stars,"{""intent"": ""RateBook"", ""object_select"": ""current"", ""object_type"": ""textbook"", ""rating_unit"": ""stars"", ""rating_value"": ""one""}"
"Rate this part of the series, The Harrowing of Gwynedd, zero out of 6.","{""best_rating"": ""6"", ""intent"": ""RateBook"", ""object_name"": ""The Harrowing of Gwynedd"", ""object_part_of_series_type"": ""series"", ""rating_value"": ""zero""}"
The current essay gets four points,"{""intent"": ""RateBook"", ""object_select"": ""current"", ""object_type"": ""essay"", ""rating_unit"": ""points"", ""rating_value"": ""four""}"
Where can I see the show Twentysomething,"{""intent"": ""SearchCreativeWork"", ""object_name"": ""Twentysomething"", ""object_type"": ""show""}"
add this artist to my Jazz playlist,"{""intent"": ""AddToPlaylist"", ""music_item"": ""artist"", ""playlist"": ""Jazz"", ""playlist_owner"": ""my""}"
I rate Shadow of Suribachi at five stars.,"{""intent"": ""RateBook"", ""object_name"": ""Shadow of Suribachi"", ""rating_unit"": ""stars"", ""rating_value"": ""five""}"
Find me Under the Skin,"{""intent"": ""SearchCreativeWork"", ""object_name"": ""Under the Skin""}"
find Friendship Way,"{""intent"": ""SearchCreativeWork"", ""object_name"": ""Friendship Way""}"
Where can I find the TV show Earth Defense Force 2025?,"{""intent"": ""SearchCreativeWork"", ""object_name"": ""Earth Defense Force 2025"", ""object_type"": ""TV show""}"
Please add Jency Anthony to my playlist This Is Mozart,"{""artist"": ""Jency Anthony"", ""intent"": ""AddToPlaylist"", ""playlist"": ""This Is Mozart"", ""playlist_owner"": ""my""}"
Find me the Princess Battles song,"{""intent"": ""SearchCreativeWork"", ""object_name"": ""Princess Battles"", ""object_type"": ""song""}"
I want to give this book a rating of 2 points out of 6.,"{""best_rating"": ""6"", ""intent"": ""RateBook"", ""object_select"": ""this"", ""object_type"": ""book"", ""rating_unit"": ""points"", ""rating_value"": ""2""}"
Add sara hickman to my Targeted list,"{""artist"": ""sara hickman"", ""intent"": ""AddToPlaylist"", ""playlist"": ""Targeted"", ""playlist_owner"": ""my""}"
find a TV show called Perfect Chemistry,"{""intent"": ""SearchCreativeWork"", ""object_name"": ""Perfect Chemistry"", ""object_type"": ""TV show""}"
Where can I purchase a copy of the photograph on the front page of today's Jacksonville Daily Progress?,"{""intent"": ""SearchCreativeWork"", ""object_name"": ""Jacksonville Daily Progress"", ""object_type"": ""photograph""}"
Rate this novel five of 6,"{""best_rating"": ""6"", ""intent"": ""RateBook"", ""object_select"": ""this"", ""object_type"": ""novel"", ""rating_value"": ""five""}"
Please look for the TV show Memoirs from a Bedroom: Issue 1,"{""intent"": ""SearchCreativeWork"", ""object_name"": ""Memoirs from a Bedroom: Issue 1"", ""object_type"": ""TV show""}"
What is the trailer for Feel the Passion.,"{""intent"": ""SearchCreativeWork"", ""object_name"": ""Feel the Passion"", ""object_type"": ""trailer""}"
"find I Love You Too, a saga","{""intent"": ""SearchCreativeWork"", ""object_name"": ""I Love You Too"", ""object_type"": ""saga""}"
add saxophone supremacy to ofelia's calm before the storm playlist,"{""entity_name"": ""saxophone supremacy"", ""intent"": ""AddToPlaylist"", ""playlist"": ""calm before the storm"", ""playlist_owner"": ""ofelia's""}"
Give The Crystal Snare 5 stars,"{""intent"": ""RateBook"", ""object_name"": ""The Crystal Snare"", ""rating_unit"": ""stars"", ""rating_value"": ""5""}"
Add this tune by rod argent to propuesta alternativa playlist,"{""artist"": ""rod argent"", ""intent"": ""AddToPlaylist"", ""music_item"": ""tune"", ""playlist"": ""propuesta alternativa""}"
add Georgetown University Alma Mater to my evening acoustic playlist,"{""entity_name"": ""Georgetown University Alma Mater"", ""intent"": ""AddToPlaylist"", ""playlist"": ""evening acoustic"", ""playlist_owner"": ""my""}"
search for trailer Jazz Impressions of the U.S.A.,"{""intent"": ""SearchCreativeWork"", ""object_name"": ""Jazz Impressions of the U.S.A."", ""object_type"": ""trailer""}"
Rate this chronicle three of 6 stars,"{""best_rating"": ""6"", ""intent"": ""RateBook"", ""object_part_of_series_type"": ""chronicle"", ""object_select"": ""this"", ""rating_unit"": ""stars"", ""rating_value"": ""three""}"
can you get me the trailer of The Multiversity?,"{""intent"": ""SearchCreativeWork"", ""object_name"": ""The Multiversity"", ""object_type"": ""trailer""}"
This current book should get four stars or a rating of 6,"{""best_rating"": ""6"", ""intent"": ""RateBook"", ""object_select"": ""current"", ""object_type"": ""book"", ""rating_unit"": ""stars"", ""rating_value"": ""four""}"
Add another tune to my Trance Life playlist.,"{""intent"": ""AddToPlaylist"", ""music_item"": ""tune"", ""playlist"": ""Trance Life"", ""playlist_owner"": ""my""}"
add Bossa Nova Soul Samba to my jukebox boogie rhythm & blues playlist,"{""entity_name"": ""Bossa Nova Soul Samba"", ""intent"": ""AddToPlaylist"", ""playlist"": ""jukebox boogie rhythm & blues"", ""playlist_owner"": ""my""}"
I'd like johnny nash to be put into my playlist Always Pop Punk,"{""artist"": ""johnny nash"", ""intent"": ""AddToPlaylist"", ""playlist"": ""Always Pop Punk"", ""playlist_owner"": ""my""}"
I would rate The Persistence of Vision 1 stars and a best rating of 6,"{""best_rating"": ""6"", ""intent"": ""RateBook"", ""object_name"": ""The Persistence of Vision"", ""rating_unit"": ""stars"", ""rating_value"": ""1""}"
Play The News Virginian song,"{""intent"": ""SearchCreativeWork"", ""object_name"": ""The News Virginian"", ""object_type"": ""song""}"
Give Waiting for the Mahatma 5 out of 6 points.,"{""best_rating"": ""6"", ""intent"": ""RateBook"", ""object_name"": ""Waiting for the Mahatma"", ""rating_unit"": ""points"", ""rating_value"": ""5""}"
give zero rating to The Deed of Paksenarrion,"{""intent"": ""RateBook"", ""object_name"": ""The Deed of Paksenarrion"", ""rating_value"": ""zero""}"
I'm looking for you to get me Jack of Shadows.,"{""intent"": ""SearchCreativeWork"", ""object_name"": ""Jack of Shadows""}"
I want to watch the television show Little Things,"{""intent"": ""SearchCreativeWork"", ""object_name"": ""Little Things"", ""object_type"": ""television show""}"
Make this essay two out 6 stars,"{""best_rating"": ""6"", ""intent"": ""RateBook"", ""object_select"": ""this"", ""object_type"": ""essay"", ""rating_unit"": ""stars"", ""rating_value"": ""two""}"
I'd like to see the picture Chrome Dreams,"{""intent"": ""SearchCreativeWork"", ""object_name"": ""Chrome Dreams"", ""object_type"": ""picture""}"
Please fine me the East trailer,"{""intent"": ""SearchCreativeWork"", ""object_name"": ""East"", ""object_type"": ""trailer""}"
Where can I buy a copy of the picture called Turn Against This Land?,"{""intent"": ""SearchCreativeWork"", ""object_name"": ""Turn Against This Land"", ""object_type"": ""picture""}"
Find a saga called Story of My Life.,"{""intent"": ""SearchCreativeWork"", ""object_name"": ""Story of My Life"", ""object_type"": ""saga""}"
Include Brandon Paris in The MetalSucks Playlist,"{""artist"": ""Brandon Paris"", ""intent"": ""AddToPlaylist"", ""playlist"": ""The MetalSucks Playlist""}"
Show me the video game When In Rome 2007,"{""intent"": ""SearchCreativeWork"", ""object_name"": ""When In Rome 2007"", ""object_type"": ""video game""}"
Show me the album Andrews University Seminary Studies,"{""intent"": ""SearchCreativeWork"", ""object_name"": ""Andrews University Seminary Studies"", ""object_type"": ""album""}"
give Heartland chronicle four points,"{""intent"": ""RateBook"", ""object_name"": ""Heartland"", ""object_part_of_series_type"": ""chronicle"", ""rating_unit"": ""points"", ""rating_value"": ""four""}"
add track to dance playlist,"{""intent"": ""AddToPlaylist"", ""music_item"": ""track"", ""playlist"": ""dance""}"
Add an album by cowboy troy to my piano in the background playlist.,"{""artist"": ""cowboy troy"", ""intent"": ""AddToPlaylist"", ""music_item"": ""album"", ""playlist"": ""piano in the background"", ""playlist_owner"": ""my""}"
Add a Jang Nara track to the hip hop gaming playlist.,"{""artist"": ""Jang Nara"", ""intent"": ""AddToPlaylist"", ""music_item"": ""track"", ""playlist"": ""hip hop gaming""}"
Rate The Gorilla Hunters 0 stars,"{""intent"": ""RateBook"", ""object_name"": ""The Gorilla Hunters"", ""rating_unit"": ""stars"", ""rating_value"": ""0""}"
Add this song to this is no te va gustar playlist,"{""intent"": ""AddToPlaylist"", ""music_item"": ""song"", ""playlist"": ""this is no te va gustar""}"
Give my current book 4 stars.,"{""intent"": ""RateBook"", ""object_select"": ""current"", ""object_type"": ""book"", ""rating_unit"": ""stars"", ""rating_value"": ""4""}"
Help me find the work titled SingStar Take That,"{""intent"": ""SearchCreativeWork"", ""object_name"": ""SingStar Take That""}"
"I didn't like the book Nobody Lives For Ever, I give it a 2.","{""intent"": ""RateBook"", ""object_name"": ""Nobody Lives For Ever"", ""object_type"": ""book"", ""rating_value"": ""2""}"
Rate Three Men Out a three,"{""intent"": ""RateBook"", ""object_name"": ""Three Men Out"", ""rating_value"": ""three""}"
Where can I stream a television show called Safety EP?,"{""intent"": ""SearchCreativeWork"", ""object_name"": ""Safety EP"", ""object_type"": ""television show""}"
show Crafty Hands saga,"{""intent"": ""SearchCreativeWork"", ""object_name"": ""Crafty Hands"", ""object_type"": ""saga""}"
find the TV series Treeful of Starling,"{""intent"": ""SearchCreativeWork"", ""object_name"": ""Treeful of Starling"", ""object_type"": ""TV series""}"
Add the Proof album to Cierra La Puerta playlist,"{""artist"": ""Proof"", ""intent"": ""AddToPlaylist"", ""music_item"": ""album"", ""playlist"": ""Cierra La Puerta""}"
add album to my I Love My 90's R&B,"{""intent"": ""AddToPlaylist"", ""music_item"": ""album"", ""playlist"": ""I Love My 90's R&B"", ""playlist_owner"": ""my""}"
I want maximilian mutzke added to Acoustic Concentration,"{""artist"": ""maximilian mutzke"", ""intent"": ""AddToPlaylist"", ""playlist"": ""Acoustic Concentration""}"
Rate The Principle of Hope 1 out of 6 stars,"{""best_rating"": ""6"", ""intent"": ""RateBook"", ""object_name"": ""The Principle of Hope"", ""rating_unit"": ""stars"", ""rating_value"": ""1""}"
Find me the album The Weed Tree.,"{""intent"": ""SearchCreativeWork"", ""object_name"": ""The Weed Tree"", ""object_type"": ""album""}"
Find The Path to Power.,"{""intent"": ""SearchCreativeWork"", ""object_name"": ""The Path to Power""}"
my jazz for loving couples needs more push the button,"{""entity_name"": ""push the button"", ""intent"": ""AddToPlaylist"", ""playlist"": ""jazz for loving couples"", ""playlist_owner"": ""my""}"
show me the television show Operation Thunderbolt,"{""intent"": ""SearchCreativeWork"", ""object_name"": ""Operation Thunderbolt"", ""object_type"": ""television show""}"
Give After Having Spent a Night Among Horses 0 out of 6.,"{""best_rating"": ""6"", ""intent"": ""RateBook"", ""object_name"": ""After Having Spent a Night Among Horses"", ""rating_value"": ""0""}"
Taken at the Flood only gets 2 points out of 6.,"{""best_rating"": ""6"", ""intent"": ""RateBook"", ""object_name"": ""Taken at the Flood"", ""rating_unit"": ""points"", ""rating_value"": ""2""}"
Where can I find the picture the Japanese Lovesong near me?,"{""intent"": ""SearchCreativeWork"", ""object_name"": ""Japanese Lovesong"", ""object_type"": ""picture""}"
Where can I find the work It Was Raining That Night?,"{""intent"": ""SearchCreativeWork"", ""object_name"": ""It Was Raining That Night""}"
Play the song Aura II: The Sacred Rings,"{""intent"": ""SearchCreativeWork"", ""object_name"": ""Aura II: The Sacred Rings"", ""object_type"": ""song""}"
Where can I purchase the Twenty Chickens for a Saddle saga?,"{""intent"": ""SearchCreativeWork"", ""object_name"": ""Twenty Chickens for a Saddle"", ""object_type"": ""saga""}"
Add track to this is puccini,"{""intent"": ""AddToPlaylist"", ""music_item"": ""track"", ""playlist"": ""this is puccini""}"
I want to add michelle heaton to this is chopin,"{""artist"": ""michelle heaton"", ""intent"": ""AddToPlaylist"", ""playlist"": ""this is chopin""}"
Find a video game called Family Dog.,"{""intent"": ""SearchCreativeWork"", ""object_name"": ""Family Dog"", ""object_type"": ""video game""}"
Rate the current textbook 4 out of 6 points,"{""best_rating"": ""6"", ""intent"": ""RateBook"", ""object_select"": ""current"", ""object_type"": ""textbook"", ""rating_unit"": ""points"", ""rating_value"": ""4""}"
add this track to my Comedy New Releases,"{""intent"": ""AddToPlaylist"", ""music_item"": ""track"", ""playlist"": ""Comedy New Releases"", ""playlist_owner"": ""my""}"
add this album to tgif,"{""intent"": ""AddToPlaylist"", ""music_item"": ""album"", ""playlist"": ""tgif""}"
Add Don and Sherri to my Meditate to Sounds of Nature playlist,"{""entity_name"": ""Don and Sherri"", ""intent"": ""AddToPlaylist"", ""playlist"": ""Meditate to Sounds of Nature"", ""playlist_owner"": ""my""}"
give 1 out of 6 points to this novel,"{""best_rating"": ""6"", ""intent"": ""RateBook"", ""object_select"": ""this"", ""object_type"": ""novel"", ""rating_unit"": ""points"", ""rating_value"": ""1""}"
Add the lady bunny album to décadas,"{""artist"": ""lady bunny"", ""intent"": ""AddToPlaylist"", ""music_item"": ""album"", ""playlist"": ""décadas""}"
Rate the Michel Strogoff saga four of 6,"{""best_rating"": ""6"", ""intent"": ""RateBook"", ""object_name"": ""Michel Strogoff"", ""object_part_of_series_type"": ""saga"", ""rating_value"": ""four""}"
Find the novel WWE Legends of WrestleMania,"{""intent"": ""SearchCreativeWork"", ""object_name"": ""WWE Legends of WrestleMania"", ""object_type"": ""novel""}"
I want to find Night of the Hunter,"{""intent"": ""SearchCreativeWork"", ""object_name"": ""Night of the Hunter""}"
Add a song by Takahito Eguchi to my guest list polygon playlist.,"{""artist"": ""Takahito Eguchi"", ""intent"": ""AddToPlaylist"", ""music_item"": ""song"", ""playlist"": ""guest list polygon"", ""playlist_owner"": ""my""}"
Rate the current essay five out of 6 stars,"{""best_rating"": ""6"", ""intent"": ""RateBook"", ""object_select"": ""current"", ""object_type"": ""essay"", ""rating_unit"": ""stars"", ""rating_value"": ""five""}"
add Monster Monster to my throwback thursday playlist,"{""entity_name"": ""Monster Monster"", ""intent"": ""AddToPlaylist"", ""playlist"": ""throwback thursday"", ""playlist_owner"": ""my""}"
Look for the television show Meet the Prince,"{""intent"": ""SearchCreativeWork"", ""object_name"": ""Meet the Prince"", ""object_type"": ""television show""}"
rate the current novel 5 of 6 stars,"{""best_rating"": ""6"", ""intent"": ""RateBook"", ""object_select"": ""current"", ""object_type"": ""novel"", ""rating_unit"": ""stars"", ""rating_value"": ""5""}"
rate Doctor No one of 6,"{""best_rating"": ""6"", ""intent"": ""RateBook"", ""object_name"": ""Doctor No"", ""rating_value"": ""one""}"
give The God Machine two of 6 points,"{""best_rating"": ""6"", ""intent"": ""RateBook"", ""object_name"": ""The God Machine"", ""rating_unit"": ""points"", ""rating_value"": ""two""}"
Add Ted Heath to the road trip playlist.,"{""artist"": ""Ted Heath"", ""intent"": ""AddToPlaylist"", ""playlist"": ""road trip""}"
add enduser song in grime instrumentals,"{""artist"": ""enduser"", ""intent"": ""AddToPlaylist"", ""music_item"": ""song"", ""playlist"": ""grime instrumentals""}"
add this track by clem burke to my atmospheric black metal playlist,"{""artist"": ""clem burke"", ""intent"": ""AddToPlaylist"", ""music_item"": ""track"", ""playlist"": ""atmospheric black metal"", ""playlist_owner"": ""my""}"
rate this book 3 stars,"{""intent"": ""RateBook"", ""object_select"": ""this"", ""object_type"": ""book"", ""rating_unit"": ""stars"", ""rating_value"": ""3""}"
add this artist to the This Is Dirty Projectors playlist,"{""intent"": ""AddToPlaylist"", ""music_item"": ""artist"", ""playlist"": ""This Is Dirty Projectors""}"
Find The Way West show,"{""intent"": ""SearchCreativeWork"", ""object_name"": ""The Way West"", ""object_type"": ""show""}"
Add artist to showstopper being mary jane,"{""intent"": ""AddToPlaylist"", ""music_item"": ""artist"", ""playlist"": ""showstopper being mary jane""}"
put this dave abbruzzese tune on Family Road Trip,"{""artist"": ""dave abbruzzese"", ""intent"": ""AddToPlaylist"", ""music_item"": ""tune"", ""playlist"": ""Family Road Trip""}"
show creative work of Through the Back Door,"{""intent"": ""SearchCreativeWork"", ""object_name"": ""Through the Back Door""}"
This current album deserve 0 points and a best rating of 6,"{""best_rating"": ""6"", ""intent"": ""RateBook"", ""object_select"": ""current"", ""object_type"": ""album"", ""rating_unit"": ""points"", ""rating_value"": ""0""}"
Looking for the painting Last Flight To Abuja,"{""intent"": ""SearchCreativeWork"", ""object_name"": ""Last Flight To Abuja"", ""object_type"": ""painting""}"
search for the show The Caretaker,"{""intent"": ""SearchCreativeWork"", ""object_name"": ""The Caretaker"", ""object_type"": ""show""}"
Add bryan gregory to the playlist Emily Dickinson,"{""artist"": ""bryan gregory"", ""intent"": ""AddToPlaylist"", ""playlist"": ""Emily Dickinson""}"
Give The Plague a 0,"{""intent"": ""RateBook"", ""object_name"": ""The Plague"", ""rating_value"": ""0""}"
Give the book The Adventures of James Bond Junior 003½ 2 points for a rating.,"{""intent"": ""RateBook"", ""object_name"": ""The Adventures of James Bond Junior 003½"", ""object_type"": ""book"", ""rating_unit"": ""points"", ""rating_value"": ""2""}"
Add some Beatmaster V to the This Is Nicky Jam playlist.,"{""artist"": ""Beatmaster V"", ""intent"": ""AddToPlaylist"", ""playlist"": ""This Is Nicky Jam""}"
I'd give The Jewel in the Crown saga four of 6 stars,"{""best_rating"": ""6"", ""intent"": ""RateBook"", ""object_name"": ""The Jewel in the Crown"", ""object_part_of_series_type"": ""saga"", ""rating_unit"": ""stars"", ""rating_value"": ""four""}"
Rate this chronicle 0 stars,"{""intent"": ""RateBook"", ""object_part_of_series_type"": ""chronicle"", ""object_select"": ""this"", ""rating_unit"": ""stars"", ""rating_value"": ""0""}"
Where can I read the book The Omega Stone?,"{""intent"": ""SearchCreativeWork"", ""object_name"": ""The Omega Stone"", ""object_type"": ""book""}"
"Pull up the TV show, 40 Seasons: The Best of Skid Row","{""intent"": ""SearchCreativeWork"", ""object_name"": ""40 Seasons: The Best of Skid Row"", ""object_type"": ""TV show""}"
my rating for Some Doves and Pythons is four,"{""intent"": ""RateBook"", ""object_name"": ""Some Doves and Pythons"", ""rating_value"": ""four""}"
add Love Story wa Totsuzen ni to the martin garrix show playlist,"{""entity_name"": ""Love Story wa Totsuzen ni"", ""intent"": ""AddToPlaylist"", ""playlist"": ""the martin garrix show""}"
add the album to my sleep playlist,"{""intent"": ""AddToPlaylist"", ""music_item"": ""album"", ""playlist"": ""sleep"", ""playlist_owner"": ""my""}"
Find by title Champagne Showers,"{""intent"": ""SearchCreativeWork"", ""object_name"": ""Champagne Showers""}"
Locate me the novel entitled Isthmus.,"{""intent"": ""SearchCreativeWork"", ""object_name"": ""Isthmus"", ""object_type"": ""novel""}"
I give The Caxtons chronicle 1 out of 6 stars.,"{""best_rating"": ""6"", ""intent"": ""RateBook"", ""object_name"": ""The Caxtons"", ""object_part_of_series_type"": ""chronicle"", ""rating_unit"": ""stars"", ""rating_value"": ""1""}"
I think this textbook should have a rating of four and a best rating of 6,"{""best_rating"": ""6"", ""intent"": ""RateBook"", ""object_select"": ""this"", ""object_type"": ""textbook"", ""rating_value"": ""four""}"
"find Wild Solutions, a saga","{""intent"": ""SearchCreativeWork"", ""object_name"": ""Wild Solutions"", ""object_type"": ""saga""}"
Find the album titled Spasmolytic,"{""intent"": ""SearchCreativeWork"", ""object_name"": ""Spasmolytic"", ""object_type"": ""album""}"
Please find me the Classified book.,"{""intent"": ""SearchCreativeWork"", ""object_name"": ""Classified"", ""object_type"": ""book""}"
rate the Always Running series 0 points,"{""intent"": ""RateBook"", ""object_name"": ""Always Running"", ""object_part_of_series_type"": ""series"", ""rating_unit"": ""points"", ""rating_value"": ""0""}"
Where can I view the picture Reaching Horizons,"{""intent"": ""SearchCreativeWork"", ""object_name"": ""Reaching Horizons"", ""object_type"": ""picture""}"
Add an album to my week end playlist,"{""intent"": ""AddToPlaylist"", ""music_item"": ""album"", ""playlist"": ""week end"", ""playlist_owner"": ""my""}"
Add Zos Kia Cultus to the This Is Philip Glass playlist.,"{""entity_name"": ""Zos Kia Cultus"", ""intent"": ""AddToPlaylist"", ""playlist"": ""This Is Philip Glass""}"
"I want to rate Nathaniel Fludd, Beastologist 1 out of 6","{""best_rating"": ""6"", ""intent"": ""RateBook"", ""object_name"": ""Nathaniel Fludd, Beastologist"", ""rating_value"": ""1""}"
this album is the last and rated five,"{""intent"": ""RateBook"", ""object_select"": ""last"", ""object_type"": ""album"", ""rating_value"": ""five""}"
I want to give The Coming of the Terraphiles a rating of 1.,"{""intent"": ""RateBook"", ""object_name"": ""The Coming of the Terraphiles"", ""rating_value"": ""1""}"
"The Naked and the Dead was pretty good, I'd give it four stars.","{""intent"": ""RateBook"", ""object_name"": ""The Naked and the Dead"", ""rating_unit"": ""stars"", ""rating_value"": ""four""}"
Add the track to the Best Metal of the New Millennium playlist.,"{""intent"": ""AddToPlaylist"", ""music_item"": ""track"", ""playlist"": ""Best Metal of the New Millennium""}"
Put another tune into my dancehall official playlist.,"{""intent"": ""AddToPlaylist"", ""music_item"": ""tune"", ""playlist"": ""dancehall official"", ""playlist_owner"": ""my""}"
Can ten green bottles be added to brooklyn beat?,"{""entity_name"": ""ten green bottles"", ""intent"": ""AddToPlaylist"", ""playlist"": ""brooklyn beat""}"
rate I Commitments 5 of 6 points,"{""best_rating"": ""6"", ""intent"": ""RateBook"", ""object_name"": ""I Commitments"", ""rating_unit"": ""points"", ""rating_value"": ""5""}"
Put wreck of the tennessee gravy train in the Kids Workout playlist.,"{""entity_name"": ""wreck of the tennessee gravy train"", ""intent"": ""AddToPlaylist"", ""playlist"": ""Kids Workout""}"
Can you add some morton feldman piano and string quartet to my global funk playlist,"{""entity_name"": ""morton feldman piano and string quartet"", ""intent"": ""AddToPlaylist"", ""playlist"": ""global funk"", ""playlist_owner"": ""my""}"
Who was the artist who did the painting called Spyro 2: Season of Flame?,"{""intent"": ""SearchCreativeWork"", ""object_name"": ""Spyro 2: Season of Flame"", ""object_type"": ""painting""}"
My current textbook should have a rating value of 5 and a best rating of 6,"{""best_rating"": ""6"", ""intent"": ""RateBook"", ""object_select"": ""current"", ""object_type"": ""textbook"", ""rating_value"": ""5""}"
"add Hello Central, Give Me Heaven to Indie Pop","{""entity_name"": ""Hello Central, Give Me Heaven"", ""intent"": ""AddToPlaylist"", ""playlist"": ""Indie Pop""}"
add song to Rocksteady playlist,"{""intent"": ""AddToPlaylist"", ""music_item"": ""song"", ""playlist"": ""Rocksteady""}"
rate Neverwhere four out of 6,"{""best_rating"": ""6"", ""intent"": ""RateBook"", ""object_name"": ""Neverwhere"", ""rating_value"": ""four""}"
I'd like to hear the song In a Reverie,"{""intent"": ""SearchCreativeWork"", ""object_name"": ""In a Reverie"", ""object_type"": ""song""}"
Rate Adventures in Stationery saga 5 stars,"{""intent"": ""RateBook"", ""object_name"": ""Adventures in Stationery"", ""object_part_of_series_type"": ""saga"", ""rating_unit"": ""stars"", ""rating_value"": ""5""}"
Please find the song House of Wedlock,"{""intent"": ""SearchCreativeWork"", ""object_name"": ""House of Wedlock"", ""object_type"": ""song""}"
play Another Time,"{""intent"": ""SearchCreativeWork"", ""object_name"": ""Another Time""}"
play the album The Outpost,"{""intent"": ""SearchCreativeWork"", ""object_name"": ""The Outpost"", ""object_type"": ""album""}"
add picasso baby to Digster Reggae playlist,"{""entity_name"": ""picasso baby"", ""intent"": ""AddToPlaylist"", ""playlist"": ""Digster Reggae""}"
I am looking for the TV show titled Catchphrase,"{""intent"": ""SearchCreativeWork"", ""object_name"": ""Catchphrase"", ""object_type"": ""TV show""}"
find information about the album Flipper City,"{""intent"": ""SearchCreativeWork"", ""object_name"": ""Flipper City"", ""object_type"": ""album""}"
add this matt bachand tune to pure rock & roll,"{""artist"": ""matt bachand"", ""intent"": ""AddToPlaylist"", ""music_item"": ""tune"", ""playlist"": ""pure rock & roll""}"
Find the McGill Law Journal movie,"{""intent"": ""SearchCreativeWork"", ""object_name"": ""McGill Law Journal"", ""object_type"": ""movie""}"
add this song to my playlist under Funky Jams,"{""intent"": ""AddToPlaylist"", ""music_item"": ""song"", ""playlist"": ""Funky Jams"", ""playlist_owner"": ""my""}"
Add another song to the country playlist.,"{""intent"": ""AddToPlaylist"", ""music_item"": ""song"", ""playlist"": ""country""}"
Put frank portman in my playlist GOOD Music,"{""artist"": ""frank portman"", ""intent"": ""AddToPlaylist"", ""playlist"": ""GOOD Music"", ""playlist_owner"": ""my""}"
give one out o 6 stars to this chronicle,"{""best_rating"": ""6"", ""intent"": ""RateBook"", ""object_part_of_series_type"": ""chronicle"", ""object_select"": ""this"", ""rating_unit"": ""stars"", ""rating_value"": ""one""}"
Add Madman to Trap Land playlist,"{""entity_name"": ""Madman"", ""intent"": ""AddToPlaylist"", ""playlist"": ""Trap Land""}"
add five stars to my current chronicle,"{""intent"": ""RateBook"", ""object_part_of_series_type"": ""chronicle"", ""object_select"": ""current"", ""rating_unit"": ""stars"", ""rating_value"": ""five""}"
Where to watch television show Linger Awhile: Live at Newport and More,"{""intent"": ""SearchCreativeWork"", ""object_name"": ""Linger Awhile: Live at Newport and More"", ""object_type"": ""television show""}"
I want to read the novel Alone at the Microphone,"{""intent"": ""SearchCreativeWork"", ""object_name"": ""Alone at the Microphone"", ""object_type"": ""novel""}"
What song is Detective Conan: Dimensional Sniper,"{""intent"": ""SearchCreativeWork"", ""object_name"": ""Detective Conan: Dimensional Sniper"", ""object_type"": ""song""}"
Add garry shider album to my classical essentials,"{""artist"": ""garry shider"", ""intent"": ""AddToPlaylist"", ""music_item"": ""album"", ""playlist"": ""classical essentials"", ""playlist_owner"": ""my""}"
add Karin Dreijer Andersson in Escapada album,"{""artist"": ""Karin Dreijer Andersson"", ""intent"": ""AddToPlaylist"", ""music_item"": ""album"", ""playlist"": ""Escapada""}"
Put some mac wiseman in my latino caliente playlist.,"{""artist"": ""mac wiseman"", ""intent"": ""AddToPlaylist"", ""playlist"": ""latino caliente"", ""playlist_owner"": ""my""}"
Please find me the Magic Hour saga.,"{""intent"": ""SearchCreativeWork"", ""object_name"": ""Magic Hour"", ""object_type"": ""saga""}"
Where can I find Appalachian Journey,"{""intent"": ""SearchCreativeWork"", ""object_name"": ""Appalachian Journey""}"
Add the tune to bandas sonoras,"{""intent"": ""AddToPlaylist"", ""music_item"": ""tune"", ""playlist"": ""bandas sonoras""}"
Add an album by m g sreekumar to my laidback acoustic playlist.,"{""artist"": ""m g sreekumar"", ""intent"": ""AddToPlaylist"", ""music_item"": ""album"", ""playlist"": ""laidback acoustic"", ""playlist_owner"": ""my""}"
find As Live as It Gets,"{""intent"": ""SearchCreativeWork"", ""object_name"": ""As Live as It Gets""}"
add track to Punk Essentials,"{""intent"": ""AddToPlaylist"", ""music_item"": ""track"", ""playlist"": ""Punk Essentials""}"
rate the book Line to Tomorrow three stars,"{""intent"": ""RateBook"", ""object_name"": ""Line to Tomorrow"", ""object_type"": ""book"", ""rating_unit"": ""stars"", ""rating_value"": ""three""}"
Can you put dj kay slay onto the 2010 Decade playlist?,"{""artist"": ""dj kay slay"", ""intent"": ""AddToPlaylist"", ""playlist"": ""2010 Decade""}"
I am giving the book After Henry a rating of 0 out of 6 stars,"{""best_rating"": ""6"", ""intent"": ""RateBook"", ""object_name"": ""After Henry"", ""object_type"": ""book"", ""rating_unit"": ""stars"", ""rating_value"": ""0""}"
give two out of 6 points to current textbook,"{""best_rating"": ""6"", ""intent"": ""RateBook"", ""object_select"": ""current"", ""object_type"": ""textbook"", ""rating_unit"": ""points"", ""rating_value"": ""two""}"
show me the TV series called Take Me to Your Heaven,"{""intent"": ""SearchCreativeWork"", ""object_name"": ""Take Me to Your Heaven"", ""object_type"": ""TV series""}"
"Blood Colony was awful, I'd give it one stars at most.","{""intent"": ""RateBook"", ""object_name"": ""Blood Colony"", ""rating_unit"": ""stars"", ""rating_value"": ""one""}"
Put this Yury Chernavsky tune on my Alternative Route playlist,"{""artist"": ""Yury Chernavsky"", ""intent"": ""AddToPlaylist"", ""music_item"": ""tune"", ""playlist"": ""Alternative Route"", ""playlist_owner"": ""my""}"
I am giving Paedophilia: The Radical Case a rating of 2 out of 6 points,"{""best_rating"": ""6"", ""intent"": ""RateBook"", ""object_name"": ""Paedophilia: The Radical Case"", ""rating_unit"": ""points"", ""rating_value"": ""2""}"
add great grape to my playlist named Novedades Pop,"{""entity_name"": ""great grape"", ""intent"": ""AddToPlaylist"", ""playlist"": ""Novedades Pop"", ""playlist_owner"": ""my""}"
Add this song to my the perfect italian dinner playlist,"{""intent"": ""AddToPlaylist"", ""music_item"": ""song"", ""playlist"": ""the perfect italian dinner"", ""playlist_owner"": ""my""}"
Please rate the current textbook 2 stars,"{""intent"": ""RateBook"", ""object_select"": ""current"", ""object_type"": ""textbook"", ""rating_unit"": ""stars"", ""rating_value"": ""2""}"
rate the current saga 4 of 6,"{""best_rating"": ""6"", ""intent"": ""RateBook"", ""object_part_of_series_type"": ""saga"", ""object_select"": ""current"", ""rating_value"": ""4""}"
Add the artist to my dishwashing playlist.,"{""intent"": ""AddToPlaylist"", ""music_item"": ""artist"", ""playlist"": ""dishwashing"", ""playlist_owner"": ""my""}"
give the current essay a 1,"{""intent"": ""RateBook"", ""object_select"": ""current"", ""object_type"": ""essay"", ""rating_value"": ""1""}"
please put this song by nas in my Hype playlist,"{""artist"": ""nas"", ""intent"": ""AddToPlaylist"", ""music_item"": ""song"", ""playlist"": ""Hype"", ""playlist_owner"": ""my""}"
add flying to my Women of Rock playlist,"{""entity_name"": ""flying"", ""intent"": ""AddToPlaylist"", ""playlist"": ""Women of Rock"", ""playlist_owner"": ""my""}"
Show me the picture Batman: The Long Halloween,"{""intent"": ""SearchCreativeWork"", ""object_name"": ""Batman: The Long Halloween"", ""object_type"": ""picture""}"
put frank farian on lydia's playlist called The Black Power Mixtape 1967 to 1975,"{""artist"": ""frank farian"", ""intent"": ""AddToPlaylist"", ""playlist"": ""The Black Power Mixtape 1967 to 1975"", ""playlist_owner"": ""lydia's""}"
Add When You Come Back to the jazz for loving couples playlist.,"{""entity_name"": ""When You Come Back"", ""intent"": ""AddToPlaylist"", ""playlist"": ""jazz for loving couples""}"
show Get It Together on TV show,"{""intent"": ""SearchCreativeWork"", ""object_name"": ""Get It Together"", ""object_type"": ""TV show""}"
rate the current textbook 3 out of 6,"{""best_rating"": ""6"", ""intent"": ""RateBook"", ""object_select"": ""current"", ""object_type"": ""textbook"", ""rating_value"": ""3""}"
Add Rattus at the Roundhouse to my funk playlist.,"{""entity_name"": ""Rattus at the Roundhouse"", ""intent"": ""AddToPlaylist"", ""playlist"": ""funk"", ""playlist_owner"": ""my""}"
Rate my current book four points out of 6,"{""best_rating"": ""6"", ""intent"": ""RateBook"", ""object_select"": ""current"", ""object_type"": ""book"", ""rating_unit"": ""points"", ""rating_value"": ""four""}"
Find Changes: A Love Story.,"{""intent"": ""SearchCreativeWork"", ""object_name"": ""Changes: A Love Story""}"
Find the show Portrait of Countess Karoly,"{""intent"": ""SearchCreativeWork"", ""object_name"": ""Portrait of Countess Karoly"", ""object_type"": ""show""}"
add the artist Ruby to my digging now list,"{""artist"": ""Ruby"", ""intent"": ""AddToPlaylist"", ""music_item"": ""artist"", ""playlist"": ""digging now"", ""playlist_owner"": ""my""}"
Rate The Starship Trap 5 stars,"{""intent"": ""RateBook"", ""object_name"": ""The Starship Trap"", ""rating_unit"": ""stars"", ""rating_value"": ""5""}"
Incorporate a russel walder track onto gay's Funk Rock playlist.,"{""artist"": ""russel walder"", ""intent"": ""AddToPlaylist"", ""music_item"": ""track"", ""playlist"": ""Funk Rock"", ""playlist_owner"": ""gay's""}"
add Tim Ryan to my Grime Shutdown playlist,"{""artist"": ""Tim Ryan"", ""intent"": ""AddToPlaylist"", ""playlist"": ""Grime Shutdown"", ""playlist_owner"": ""my""}"
Rate The Guilty 0 of 6 points,"{""best_rating"": ""6"", ""intent"": ""RateBook"", ""object_name"": ""The Guilty"", ""rating_unit"": ""points"", ""rating_value"": ""0""}"
I want If I Could Be with You added to mellow dinner,"{""entity_name"": ""If I Could Be with You"", ""intent"": ""AddToPlaylist"", ""playlist"": ""mellow dinner""}"
find a television show called Tiny Dancer,"{""intent"": ""SearchCreativeWork"", ""object_name"": ""Tiny Dancer"", ""object_type"": ""television show""}"
add GodMusic to my latin dance cardio playlist,"{""entity_name"": ""GodMusic"", ""intent"": ""AddToPlaylist"", ""playlist"": ""latin dance cardio"", ""playlist_owner"": ""my""}"
Wish to find the work The Immortals that is a show,"{""intent"": ""SearchCreativeWork"", ""object_name"": ""The Immortals"", ""object_type"": ""show""}"
Add this artist to my This Is Philip Glass playlist,"{""intent"": ""AddToPlaylist"", ""music_item"": ""artist"", ""playlist"": ""This Is Philip Glass"", ""playlist_owner"": ""my""}"
find the novel Make Peace Not War,"{""intent"": ""SearchCreativeWork"", ""object_name"": ""Make Peace Not War"", ""object_type"": ""novel""}"
"Rate Small Screen, Big Picture a 0 out of 6.","{""best_rating"": ""6"", ""intent"": ""RateBook"", ""object_name"": ""Small Screen, Big Picture"", ""rating_value"": ""0""}"
I am looking for the TV show called the Flight of the Lost Balloon,"{""intent"": ""SearchCreativeWork"", ""object_name"": ""Flight of the Lost Balloon"", ""object_type"": ""TV show""}"
Rate Witchcraft and Paganism in Australia 1 points out of 6,"{""best_rating"": ""6"", ""intent"": ""RateBook"", ""object_name"": ""Witchcraft and Paganism in Australia"", ""rating_unit"": ""points"", ""rating_value"": ""1""}"
rate The Overton Window series a two out of 6,"{""best_rating"": ""6"", ""intent"": ""RateBook"", ""object_name"": ""The Overton Window"", ""object_part_of_series_type"": ""series"", ""rating_value"": ""two""}"
Rate the Wild Boy series 3 out of 6 stars,"{""best_rating"": ""6"", ""intent"": ""RateBook"", ""object_name"": ""Wild Boy"", ""object_part_of_series_type"": ""series"", ""rating_unit"": ""stars"", ""rating_value"": ""3""}"
add songs tune in Reggae Infusions,"{""intent"": ""AddToPlaylist"", ""music_item"": ""tune"", ""playlist"": ""Reggae Infusions""}"
The book the Geoff Ryman bibliography should have a rating of three to 6 points.,"{""best_rating"": ""6"", ""intent"": ""RateBook"", ""object_name"": ""Geoff Ryman bibliography"", ""object_type"": ""book"", ""rating_unit"": ""points"", ""rating_value"": ""three""}"
Add album to my Massive Soca Hits,"{""intent"": ""AddToPlaylist"", ""music_item"": ""album"", ""playlist"": ""Massive Soca Hits"", ""playlist_owner"": ""my""}"
give the current chronicle three points,"{""intent"": ""RateBook"", ""object_part_of_series_type"": ""chronicle"", ""object_select"": ""current"", ""rating_unit"": ""points"", ""rating_value"": ""three""}"
"Find me the novel, Between the Rivers.","{""intent"": ""SearchCreativeWork"", ""object_name"": ""Between the Rivers"", ""object_type"": ""novel""}"
add blood guts & glory to my this is chopin,"{""entity_name"": ""blood guts & glory"", ""intent"": ""AddToPlaylist"", ""playlist"": ""this is chopin"", ""playlist_owner"": ""my""}"
Find a TV series called All Time Greatest Movie Songs.,"{""intent"": ""SearchCreativeWork"", ""object_name"": ""All Time Greatest Movie Songs"", ""object_type"": ""TV series""}"
The current saga deserves a 5 rating.,"{""intent"": ""RateBook"", ""object_part_of_series_type"": ""saga"", ""object_select"": ""current"", ""rating_value"": ""5""}"
give zero out of 6 points to Mr American,"{""best_rating"": ""6"", ""intent"": ""RateBook"", ""object_name"": ""Mr American"", ""rating_unit"": ""points"", ""rating_value"": ""zero""}"
add The Open Door to autumn music,"{""entity_name"": ""The Open Door"", ""intent"": ""AddToPlaylist"", ""playlist"": ""autumn music""}"
Is Salò the TV show available to watch anywhere?,"{""intent"": ""SearchCreativeWork"", ""object_name"": ""Salò"", ""object_type"": ""TV show""}"
put Tony Rombola on my novedades viernes sudamérica playlist,"{""artist"": ""Tony Rombola"", ""intent"": ""AddToPlaylist"", ""playlist"": ""novedades viernes sudamérica"", ""playlist_owner"": ""my""}"
Can you pull up The Sanford Herald,"{""intent"": ""SearchCreativeWork"", ""object_name"": ""The Sanford Herald""}"
Rate Phoenix: The Fall & Rise of Videogames one points out of 6,"{""best_rating"": ""6"", ""intent"": ""RateBook"", ""object_name"": ""Phoenix: The Fall & Rise of Videogames"", ""rating_unit"": ""points"", ""rating_value"": ""one""}"
I give this novel a 0 out of 6 rating,"{""best_rating"": ""6"", ""intent"": ""RateBook"", ""object_select"": ""this"", ""object_type"": ""novel"", ""rating_value"": ""0""}"
I give the current textbook 0 of 6 points,"{""best_rating"": ""6"", ""intent"": ""RateBook"", ""object_select"": ""current"", ""object_type"": ""textbook"", ""rating_unit"": ""points"", ""rating_value"": ""0""}"
find a photograph called Wild Cats on the Beach,"{""intent"": ""SearchCreativeWork"", ""object_name"": ""Wild Cats on the Beach"", ""object_type"": ""photograph""}"
Find a TV series called White Bread Black Beer.,"{""intent"": ""SearchCreativeWork"", ""object_name"": ""White Bread Black Beer"", ""object_type"": ""TV series""}"
rate Whole Earth Discipline 5 of 6 points,"{""best_rating"": ""6"", ""intent"": ""RateBook"", ""object_name"": ""Whole Earth Discipline"", ""rating_unit"": ""points"", ""rating_value"": ""5""}"
give one out of 6 points to High Wizardry,"{""best_rating"": ""6"", ""intent"": ""RateBook"", ""object_name"": ""High Wizardry"", ""rating_unit"": ""points"", ""rating_value"": ""one""}"
add The Rough Guide to the Music of Eastern Europe to my This Is Philip Glass playlist,"{""entity_name"": ""The Rough Guide to the Music of Eastern Europe"", ""intent"": ""AddToPlaylist"", ""playlist"": ""This Is Philip Glass"", ""playlist_owner"": ""my""}"
give the current book a zero of 6,"{""best_rating"": ""6"", ""intent"": ""RateBook"", ""object_select"": ""current"", ""object_type"": ""book"", ""rating_value"": ""zero""}"
"The book Dying, In Other Words deserves at least five points on a 6 point scale.","{""best_rating"": ""6"", ""intent"": ""RateBook"", ""object_name"": ""Dying, In Other Words"", ""object_type"": ""book"", ""rating_unit"": ""points"", ""rating_value"": ""five""}"
Rate Bestiary of Dragons and Giants four of 6,"{""best_rating"": ""6"", ""intent"": ""RateBook"", ""object_name"": ""Bestiary of Dragons and Giants"", ""rating_value"": ""four""}"
Add no prejudice to 90s Indie,"{""entity_name"": ""no prejudice"", ""intent"": ""AddToPlaylist"", ""playlist"": ""90s Indie""}"
Rate the current essay four stars,"{""intent"": ""RateBook"", ""object_select"": ""current"", ""object_type"": ""essay"", ""rating_unit"": ""stars"", ""rating_value"": ""four""}"
I want to watch the TV show Down on Abby,"{""intent"": ""SearchCreativeWork"", ""object_name"": ""Down on Abby"", ""object_type"": ""TV show""}"
add The Green Book in my playlist Mellowed Out Gaming,"{""entity_name"": ""The Green Book"", ""intent"": ""AddToPlaylist"", ""playlist"": ""Mellowed Out Gaming"", ""playlist_owner"": ""my""}"
find Young Miss Holmes,"{""intent"": ""SearchCreativeWork"", ""object_name"": ""Young Miss Holmes""}"
I'd like to listen to the soundtrack In the Air,"{""intent"": ""SearchCreativeWork"", ""object_name"": ""In the Air"", ""object_type"": ""soundtrack""}"
Rate this essay two out of 6 stars,"{""best_rating"": ""6"", ""intent"": ""RateBook"", ""object_select"": ""this"", ""object_type"": ""essay"", ""rating_unit"": ""stars"", ""rating_value"": ""two""}"
Find me the Young Doctors in Love TV show,"{""intent"": ""SearchCreativeWork"", ""object_name"": ""Young Doctors in Love"", ""object_type"": ""TV show""}"
I'd like to move the artist named Matt Walker to the playlist grandes unplugged,"{""artist"": ""Matt Walker"", ""intent"": ""AddToPlaylist"", ""music_item"": ""artist"", ""playlist"": ""grandes unplugged""}"
painting of Live from the El Rey Theatre,"{""intent"": ""SearchCreativeWork"", ""object_name"": ""Live from the El Rey Theatre"", ""object_type"": ""painting""}"
Please add Chris Frantz to Pop Rising list,"{""artist"": ""Chris Frantz"", ""intent"": ""AddToPlaylist"", ""playlist"": ""Pop Rising""}"
add this tune to my fresh finds hiptronix playlist,"{""intent"": ""AddToPlaylist"", ""music_item"": ""tune"", ""playlist"": ""fresh finds hiptronix"", ""playlist_owner"": ""my""}"
add album to my piano ballads,"{""intent"": ""AddToPlaylist"", ""music_item"": ""album"", ""playlist"": ""piano ballads"", ""playlist_owner"": ""my""}"
Add a track to my dinner playlist,"{""intent"": ""AddToPlaylist"", ""music_item"": ""track"", ""playlist"": ""dinner"", ""playlist_owner"": ""my""}"
Show me Skyfall: Original Motion Picture Soundtrack,"{""intent"": ""SearchCreativeWork"", ""object_name"": ""Skyfall: Original Motion Picture Soundtrack""}"
Add 100% te ljubam to the Hit Remix playlist,"{""entity_name"": ""100% te ljubam"", ""intent"": ""AddToPlaylist"", ""playlist"": ""Hit Remix""}"
put Sarah Blasko onto my The MetalSucks Playlist,"{""artist"": ""Sarah Blasko"", ""intent"": ""AddToPlaylist"", ""playlist"": ""The MetalSucks Playlist"", ""playlist_owner"": ""my""}"
rate the current essay 5 points,"{""intent"": ""RateBook"", ""object_select"": ""current"", ""object_type"": ""essay"", ""rating_unit"": ""points"", ""rating_value"": ""5""}"
rate this album book zero out of 6 points,"{""best_rating"": ""6"", ""intent"": ""RateBook"", ""object_select"": ""this"", ""object_type"": ""album book"", ""rating_unit"": ""points"", ""rating_value"": ""zero""}"
put track on my synth pop list,"{""intent"": ""AddToPlaylist"", ""music_item"": ""track"", ""playlist"": ""synth pop"", ""playlist_owner"": ""my""}"
give 2 for this essay,"{""intent"": ""RateBook"", ""object_select"": ""this"", ""object_type"": ""essay"", ""rating_value"": ""2""}"
Find a TV series called Cocktail Kings.,"{""intent"": ""SearchCreativeWork"", ""object_name"": ""Cocktail Kings"", ""object_type"": ""TV series""}"
Show The Caveman television show,"{""intent"": ""SearchCreativeWork"", ""object_name"": ""The Caveman"", ""object_type"": ""television show""}"
I want to give this essay zero out of 6,"{""best_rating"": ""6"", ""intent"": ""RateBook"", ""object_select"": ""this"", ""object_type"": ""essay"", ""rating_value"": ""zero""}"
I would like this song added to my princesas indie playlist.,"{""intent"": ""AddToPlaylist"", ""music_item"": ""song"", ""playlist"": ""princesas indie"", ""playlist_owner"": ""my""}"
Add Ihsahn to Hip Hop 2017 New School,"{""artist"": ""Ihsahn"", ""intent"": ""AddToPlaylist"", ""playlist"": ""Hip Hop 2017 New School""}"
one stars out of 6 is my rating for The Giaour.,"{""best_rating"": ""6"", ""intent"": ""RateBook"", ""object_name"": ""The Giaour"", ""rating_unit"": ""stars"", ""rating_value"": ""one""}"
add tune to African Heat,"{""intent"": ""AddToPlaylist"", ""music_item"": ""tune"", ""playlist"": ""African Heat""}"
"Please look up the work, Bachelor Pad.","{""intent"": ""SearchCreativeWork"", ""object_name"": ""Bachelor Pad""}"
Give the current series two stars.,"{""intent"": ""RateBook"", ""object_part_of_series_type"": ""series"", ""object_select"": ""current"", ""rating_unit"": ""stars"", ""rating_value"": ""two""}"
Rate The Life and Loves of a She-Devil 5 out of 6,"{""best_rating"": ""6"", ""intent"": ""RateBook"", ""object_name"": ""The Life and Loves of a She-Devil"", ""rating_value"": ""5""}"
show creative song UFO Senshi Dai Apolon,"{""intent"": ""SearchCreativeWork"", ""object_name"": ""UFO Senshi Dai Apolon"", ""object_type"": ""song""}"
Rate Political Liberalism 1 out 6 stars,"{""best_rating"": ""6"", ""intent"": ""RateBook"", ""object_name"": ""Political Liberalism"", ""rating_unit"": ""stars"", ""rating_value"": ""1""}"
Add this song onto my playlist entitled chill out.,"{""intent"": ""AddToPlaylist"", ""music_item"": ""song"", ""playlist"": ""chill out"", ""playlist_owner"": ""my""}"
add this album to my Throwback Thursday playlist,"{""intent"": ""AddToPlaylist"", ""music_item"": ""album"", ""playlist"": ""Throwback Thursday"", ""playlist_owner"": ""my""}"
Rate this album 5 points,"{""intent"": ""RateBook"", ""object_select"": ""this"", ""object_type"": ""album"", ""rating_unit"": ""points"", ""rating_value"": ""5""}"
Rate this current essay four out of 6.,"{""best_rating"": ""6"", ""intent"": ""RateBook"", ""object_select"": ""this current"", ""object_type"": ""essay"", ""rating_value"": ""four""}"
I would rate this album a zero and give it a best rating of 6,"{""best_rating"": ""6"", ""intent"": ""RateBook"", ""object_select"": ""this"", ""object_type"": ""album"", ""rating_value"": ""zero""}"
Looking for the photograph the Crimson Climax,"{""intent"": ""SearchCreativeWork"", ""object_name"": ""Crimson Climax"", ""object_type"": ""photograph""}"
Rate my current book one stars,"{""intent"": ""RateBook"", ""object_select"": ""current"", ""object_type"": ""book"", ""rating_unit"": ""stars"", ""rating_value"": ""one""}"
Add mc ren to my It's a Southern Thing playlist,"{""artist"": ""mc ren"", ""intent"": ""AddToPlaylist"", ""playlist"": ""It's a Southern Thing"", ""playlist_owner"": ""my""}"
Include hohenfriedberger marsch to my Novedades Pop list.,"{""entity_name"": ""hohenfriedberger marsch"", ""intent"": ""AddToPlaylist"", ""playlist"": ""Novedades Pop"", ""playlist_owner"": ""my""}"
Add Sweet Black Angel to my Diarios de Bicicleta playlist,"{""entity_name"": ""Sweet Black Angel"", ""intent"": ""AddToPlaylist"", ""playlist"": ""Diarios de Bicicleta"", ""playlist_owner"": ""my""}"
show book of Pokémon: The Mastermind of Mirage Pokémon,"{""intent"": ""SearchCreativeWork"", ""object_name"": ""Pokémon: The Mastermind of Mirage Pokémon"", ""object_type"": ""book""}"
Give me the Spirit the Earth Aflame TV show.,"{""intent"": ""SearchCreativeWork"", ""object_name"": ""Spirit the Earth Aflame"", ""object_type"": ""TV show""}"
find a soundtrack called Billboard Hot R&B Hits: 1981,"{""intent"": ""SearchCreativeWork"", ""object_name"": ""Billboard Hot R&B Hits: 1981"", ""object_type"": ""soundtrack""}"
Where can I find the novel A Woman in the Web,"{""intent"": ""SearchCreativeWork"", ""object_name"": ""A Woman in the Web"", ""object_type"": ""novel""}"
Can you give this textbook a 2 out of 6?,"{""best_rating"": ""6"", ""intent"": ""RateBook"", ""object_select"": ""this"", ""object_type"": ""textbook"", ""rating_value"": ""2""}"
What is the cheapest price I can pay for the DVD called The Darkest Cloud?,"{""intent"": ""SearchCreativeWork"", ""object_name"": ""The Darkest Cloud""}"
